location,selected_model,observations,total_actual_volume,total_predicted_volume,absolute_error,signed_error,WAPE,Bias
1,Holiday SARIMA,28,43216.0,44907.632607921114,2636.044185781954,1691.632607921113,6.09969498746287,3.914366456685286
2,XGBoost,28,7483.0,8206.235221385956,2323.1616740226746,723.2352213859558,31.04585960206701,9.665043717572576
3,Holiday SARIMA,28,56682.0,55879.15977289608,5952.824115947852,-802.8402271039256,10.502141977960996,-1.4163936119119396
4,Holiday SARIMA,28,10145.0,9817.969423208278,2490.7507605843693,-327.0305767917222,24.551510700683778,-3.223564088632057
5,Seasonal naïve,28,877.0,1016.0,355.0,139.0,40.478905359179016,15.849486887115166
6,XGBoost,28,94574.0,94640.0135421753,6702.876708984375,66.01354217529297,7.087441272426222,0.06980094124737557
7,XGBoost,28,88720.0,88690.51477050781,4852.3125,-29.4852294921875,5.46924312443643,-0.033234027831590955
8,XGBoost,28,137212.0,136964.65034484863,8412.401657104492,-247.3496551513672,6.130951853412596,-0.18026823831105676
